{
  "root": {
    "name": "AddBackward",
    "origin": {
      "data": [
        null,
        4.7977233,
        5.551495,
        5.9763784,
        null,
        5.2031884,
        5.9371576,
        6.355868,
        null,
        5.4908705,
        6.2147894,
        6.630305,
        null,
        5.714014,
        6.431854,
        6.845416
      ],
      "offset": 0,
      "shape": [
        4,
        4
      ]
    },
    "gradient": {
      "data": [
        1.0,
        1.0,
        1.0,
        1.0,
        1.0,
        1.0,
        1.0,
        1.0,
        1.0,
        1.0,
        1.0,
        1.0,
        1.0,
        1.0,
        1.0,
        1.0
      ],
      "offset": 0,
      "shape": [
        4,
        4
      ]
    },
    "children": [
      {
        "name": "LnBackward",
        "origin": {
          "data": [
            null,
            2.0794415,
            2.8332133,
            3.2580965,
            null,
            2.4849067,
            3.218876,
            3.637586,
            null,
            2.7725887,
            3.4965076,
            3.912023,
            null,
            2.9957323,
            3.713572,
            4.1271343
          ],
          "offset": 0,
          "shape": [
            4,
            4
          ]
        },
        "gradient": {
          "data": [
            1.0,
            1.0,
            1.0,
            1.0,
            1.0,
            1.0,
            1.0,
            1.0,
            1.0,
            1.0,
            1.0,
            1.0,
            1.0,
            1.0,
            1.0,
            1.0
          ],
          "offset": 0,
          "shape": [
            4,
            4
          ]
        },
        "children": [
          {
            "name": "SubBackward",
            "origin": {
              "data": [
                -1.0,
                8.0,
                17.0,
                26.0,
                -1.0,
                12.0,
                25.0,
                38.0,
                -1.0,
                16.0,
                33.0,
                50.0,
                -1.0,
                20.0,
                41.0,
                62.0
              ],
              "offset": 0,
              "shape": [
                4,
                4
              ]
            },
            "gradient": {
              "data": [
                -1.0,
                0.125,
                0.05882353,
                0.03846154,
                -1.0,
                0.083333336,
                0.04,
                0.02631579,
                -1.0,
                0.0625,
                0.030303031,
                0.02,
                -1.0,
                0.05,
                0.024390243,
                0.016129032
              ],
              "offset": 0,
              "shape": [
                4,
                4
              ]
            },
            "children": [
              {
                "name": "MatmulBackward",
                "origin": {
                  "data": [
                    2.0,
                    11.0,
                    20.0,
                    29.0,
                    2.0,
                    15.0,
                    28.0,
                    41.0,
                    2.0,
                    19.0,
                    36.0,
                    53.0,
                    2.0,
                    23.0,
                    44.0,
                    65.0
                  ],
                  "offset": 0,
                  "shape": [
                    4,
                    4
                  ]
                },
                "gradient": {
                  "data": [
                    -1.0,
                    0.125,
                    0.05882353,
                    0.03846154,
                    -1.0,
                    0.083333336,
                    0.04,
                    0.02631579,
                    -1.0,
                    0.0625,
                    0.030303031,
                    0.02,
                    -1.0,
                    0.05,
                    0.024390243,
                    0.016129032
                  ],
                  "offset": 0,
                  "shape": [
                    4,
                    4
                  ]
                },
                "children": [
                  {
                    "name": "AddBackward",
                    "origin": {
                      "data": [
                        4.0,
                        5.0,
                        6.0,
                        7.0,
                        8.0,
                        9.0,
                        10.0,
                        11.0
                      ],
                      "offset": 0,
                      "shape": [
                        4,
                        2
                      ]
                    },
                    "gradient": {
                      "data": [
                        1.9134616,
                        -1.1973982,
                        1.9429824,
                        -1.4584211,
                        1.9575,
                        -1.5912879,
                        1.9661291,
                        -1.6717938
                      ],
                      "offset": 0,
                      "shape": [
                        4,
                        2
                      ]
                    },
                    "children": [
                      {
                        "name": "GradAccum",
                        "origin": {
                          "data": [
                            1.0,
                            2.0,
                            3.0,
                            4.0,
                            5.0,
                            6.0,
                            7.0,
                            8.0
                          ],
                          "offset": 0,
                          "shape": [
                            4,
                            2
                          ]
                        },
                        "gradient": {
                          "data": [
                            1.9134616,
                            -1.1973982,
                            1.9429824,
                            -1.4584211,
                            1.9575,
                            -1.5912879,
                            1.9661291,
                            -1.6717938
                          ],
                          "offset": 0,
                          "shape": [
                            4,
                            2
                          ]
                        },
                        "children": []
                      }
                    ]
                  },
                  {
                    "name": "SubBackward",
                    "origin": {
                      "data": [
                        -2.0,
                        -1.0,
                        0.0,
                        1.0,
                        2.0,
                        3.0,
                        4.0,
                        5.0
                      ],
                      "offset": 0,
                      "shape": [
                        2,
                        4
                      ]
                    },
                    "gradient": {
                      "data": [
                        -28.0,
                        2.0,
                        0.9616208,
                        0.63303125,
                        -32.0,
                        2.3208334,
                        1.1151376,
                        0.73393756
                      ],
                      "offset": 0,
                      "shape": [
                        2,
                        4
                      ]
                    },
                    "children": [
                      {
                        "name": "GradAccum",