{
  "root": {
    "name": "AddBackward",
    "origin": {
      "data": [
        3.411429,
        5.116177,
        5.714014,
        6.0855775,
        3.411429,
        5.426332,
        6.0504866,
        6.431854,
        3.411429,
        5.6627207,
        6.3018007,
        6.688574,
        3.411429,
        5.853776,
        6.5024714,
        6.892669
      ],
      "offset": 0,
      "shape": [
        4,
        4
      ]
    },
    "gradient": {
      "data": [
        1.0,
        1.0,
        1.0,
        1.0,
        1.0,
        1.0,
        1.0,
        1.0,
        1.0,
        1.0,
        1.0,
        1.0,
        1.0,
        1.0,
        1.0,
        1.0
      ],
      "offset": 0,
      "shape": [
        4,
        4
      ]
    },
    "children": [
      {
        "name": "LnBackward",
        "origin": {
          "data": [
            0.6931472,
            2.3978953,
            2.9957323,
            3.3672957,
            0.6931472,
            2.7080503,
            3.3322046,
            3.713572,
            0.6931472,
            2.944439,
            3.583519,
            3.9702919,
            0.6931472,
            3.1354942,
            3.7841897,
            4.1743875
          ],
          "offset": 0,
          "shape": [
            4,
            4
          ]
        },
        "gradient": {
          "data": [
            1.0,
            1.0,
            1.0,
            1.0,
            1.0,
            1.0,
            1.0,
            1.0,
            1.0,
            1.0,
            1.0,
            1.0,
            1.0,
            1.0,
            1.0,
            1.0
          ],
          "offset": 0,
          "shape": [
            4,
            4
          ]
        },
        "children": [
          {
            "name": "MatmulBackward",
            "origin": {
              "data": [
                2.0,
                11.0,
                20.0,
                29.0,
                2.0,
                15.0,
                28.0,
                41.0,
                2.0,
                19.0,
                36.0,
                53.0,
                2.0,
                23.0,
                44.0,
                65.0
              ],
              "offset": 0,
              "shape": [
                4,
                4
              ]
            },
            "gradient": {
              "data": [
                0.5,
                0.09090909,
                0.05,
                0.03448276,
                0.5,
                0.06666667,
                0.035714287,
                0.024390243,
                0.5,
                0.05263158,
                0.027777778,
                0.018867925,
                0.5,
                0.04347826,
                0.022727273,
                0.015384615
              ],
              "offset": 0,
              "shape": [
                4,
                4
              ]
            },
            "children": [
              {
                "name": "AddBackward",
                "origin": {
                  "data": [
                    4.0,
                    5.0,
                    6.0,
                    7.0,
                    8.0,
                    9.0,
                    10.0,
                    11.0
                  ],
                  "offset": 0,
                  "shape": [
                    4,
                    2
                  ]
                },
                "gradient": {
                  "data": [
                    -1.0564264,
                    1.6451411,
                    -1.0422765,
                    1.4648085,
                    -1.0337636,
                    1.3633455,
                    -1.0280936,
                    1.298267
                  ],
                  "offset": 0,
                  "shape": [
                    4,
                    2
                  ]
                },
                "children": [
                  {
                    "name": "GradAccum",
                    "origin": {
                      "data": [
                        1.0,
                        2.0,
                        3.0,
                        4.0,
                        5.0,
                        6.0,
                        7.0,
                        8.0
                      ],
                      "offset": 0,
                      "shape": [
                        4,
                        2
                      ]
                    },
                    "gradient": {
                      "data": [
                        -1.0564264,
                        1.6451411,
                        -1.0422765,
                        1.4648085,
                        -1.0337636,
                        1.3633455,
                        -1.0280936,
                        1.298267
                      ],
                      "offset": 0,
                      "shape": [
                        4,
                        2
                      ]
                    },
                    "children": []
                  }
                ]
              },
              {
                "name": "SubBackward",
                "origin": {
                  "data": [
                    -2.0,
                    -1.0,
                    0.0,
                    1.0,
                    2.0,
                    3.0,
                    4.0,
                    5.0
                  ],
                  "offset": 0,
                  "shape": [
                    2,
                    4
                  ]
                },
                "gradient": {
                  "data": [
                    14.0,
                    1.6194717,
                    0.8637807,
                    0.58906204,
                    16.0,
                    1.8731573,
                    1.0,
                    0.68218756
                  ],
                  "offset": 0,
                  "shape": [
                    2,
                    4
                  ]
                },
                "children": [
                  {
                    "name": "GradAccum",
                    "origin": {
                      "data": [
                        1.0,
                        2.0,
                        3.0,
                        4.0,
                        5.0,
                        6.0,
                        7.0,
                        8.0
                      ],
                      "offset": 0,
                      "shape": [
                        2,
                        4
                      ]
                    },
                    "gradient": {
                      "data": [
                        14.0,
                        1.6194717,
                        0.8637807,
                        0.58906204,
                        16.0,
                        1.8731573,
                        1.0,
                        0.68218756
                      ],
                      "offset": 0,
                      "shape": [
                        2,
                        4
                      ]
                    },
                    "children": []
                  },
                  {
                    "name": "GradAccum",
                    "origin": {
                      "data": [
                        3.0,
                        3.0,
                        3.0,
                        3.0
                      ],
                      "offset": 0,
                      "shape": [
                        4
                      ]
                    },
                    "gradient": {
                      "data": [
                        -30.0,
                        -3.492629,
                        -1.8637807,
                        -1.2712495
                      ],
                      "offset": 0,